{
  "label": [
    0
  ],
  "probs": [
    [
      0.9898428320884705,
      0.010157185606658459
    ]
  ]
}